question,answer
"What is diabetes?","Diabetes is a chronic metabolic condition characterized by elevated levels of blood glucose (blood sugar) due to defects in insulin secretion, insulin action, or both. Common types include Type 1 diabetes (autoimmune destruction of beta cells) and Type 2 diabetes (insulin resistance and relative insulin deficiency)."
"What are common symptoms of diabetes?","Common symptoms of diabetes include increased thirst (polydipsia), frequent urination (polyuria), extreme hunger (polyphagia), unexplained weight loss, fatigue, blurry vision, and slow-healing sores or frequent infections."
"How is diabetes managed?","Management of diabetes involves regular blood sugar monitoring, a healthy balanced diet low in refined sugars, regular physical activity, and medication such as metformin or insulin injections as prescribed by an endocrinologist."
"What is high blood pressure or hypertension?","Hypertension is a chronic medical condition in which the blood pressure in the arteries is persistently elevated (typically systolic pressure 130 mmHg or higher, or diastolic pressure 80 mmHg or higher). Long-term high blood pressure is a major risk factor for coronary artery disease, stroke, heart failure, and chronic kidney disease."
"What are the symptoms of high blood pressure?","Hypertension is often called a 'silent killer' because most people have no symptoms even when blood pressure readings reach dangerously high levels. Severe cases may present with headaches, shortness of breath, nosebleeds, or dizziness."
"How to prevent and manage high blood pressure or hypertension?","Preventing and managing hypertension involves eating a heart-healthy diet with reduced sodium (DASH diet), engaging in regular aerobic exercise, maintaining a healthy weight, limiting alcohol consumption, avoiding smoking, and taking prescribed antihypertensive medications."
"What causes a fever and when is it dangerous?","A fever is a temporary increase in body temperature, often due to an illness or infection (such as bacterial or viral infection). A body temperature above 100.4 F (38 C) is generally considered a fever. Medical attention should be sought if fever exceeds 103 F (39.4 C) in adults, lasts more than 3 days, or is accompanied by stiff neck, confusion, or difficulty breathing."
"How should a mild fever be treated at home?","For mild fevers, stay well hydrated with water, clear broths, and oral rehydration solutions. Rest sufficiently, keep the room at a comfortable temperature, and wear lightweight clothing. Over-the-counter antipyretics like acetaminophen or ibuprofen may be used according to package directions."
"What is asthma and what triggers an asthma attack?","Asthma is a chronic lung disease causing inflamed and narrowed airways, leading to recurring periods of wheezing, chest tightness, shortness of breath, and coughing. Triggers include allergens (pollen, dust mites, pet dander), viral respiratory infections, cold air, exercise, smoke, and air pollution."
"What should someone do during an asthma attack?","During an acute asthma attack, the person should sit upright, remain calm, and use their prescribed rescue inhaler (such as albuterol) as indicated in their Asthma Action Plan. If symptoms do not improve rapidly or breathing becomes severely labored, seek immediate emergency medical care."
"What is a migraine and what are its symptoms?","A migraine is a neurological condition often causing intense, throbbing headaches usually on one side of the head. Symptoms may include nausea, vomiting, and extreme sensitivity to light (photophobia) and sound. Some migraines are preceded by sensory warning signs known as an aura (such as visual flashes)."
"How are migraines prevented and treated?","Migraine treatment includes resting in a quiet, dark room, applying cool compresses to the forehead, staying hydrated, and taking pain relievers or prescribed triptans at the onset of symptoms. Prevention involves identifying triggers (stress, certain foods, lack of sleep) and lifestyle management."
"What are signs and symptoms of dehydration?","Signs of mild to moderate dehydration include dry mouth, extreme thirst, dry skin, decreased urination, dark-colored urine, headache, and dizziness. Severe dehydration causes sunken eyes, rapid heart rate, confusion, fainting, and requires urgent medical fluid replacement."
"What are the symptoms of the common cold vs the flu?","The common cold usually develops gradually and causes sneezing, runny or stuffy nose, mild sore throat, and a low-grade fever. The flu (influenza) typically has an abrupt onset with high fever, severe body aches, extreme fatigue, chills, dry cough, and headache."
"How can you avoid spreading respiratory infections?","To prevent spreading respiratory infections, wash hands frequently with soap and water for at least 20 seconds, use alcohol-based hand sanitizer, cover coughs and sneezes with a tissue or elbow, stay home when sick, and ensure good ventilation in indoor spaces."
"What are common symptoms of seasonal allergies?","Seasonal allergic rhinitis (hay fever) symptoms include sneezing, itchy and runny nose, nasal congestion, itchy and watery eyes, and an itchy throat. Unlike infections, allergies do not cause a fever."
"What causes acid reflux and GERD?","Gastroesophageal reflux disease (GERD) occurs when stomach acid frequently flows back into the tube connecting your mouth and stomach (esophagus). This backwash (acid reflux) can irritate the lining of your esophagus. Triggers include fatty or spicy foods, caffeine, eating late at night, obesity, and smoking."
"What is cholesterol and why does it matter?","Cholesterol is a waxy substance found in your blood that your body needs to build healthy cells. However, high levels of LDL ('bad') cholesterol can increase the risk of heart disease by forming plaques in arteries, which can lead to heart attacks or strokes."
"What are the warning signs of a stroke?","Warning signs of a stroke can be remembered with FAST: Face drooping, Arm weakness, Speech difficulty, and Time to call emergency services (call 108 or local emergency number immediately). Urgent intervention is critical to prevent permanent neurological damage."
"What are the symptoms of a heart attack?","Heart attack symptoms include chest discomfort or pressure that may spread to the shoulders, neck, jaw, or arms; shortness of breath; cold sweat; dizziness; and nausea. Any suspected heart attack requires immediate emergency medical evaluation."
